{
"lengthUnit": "mil",
"components": {
	"fields": ["COMPONENT_NO", "COMPONENT_NAME", "LAYER", "X_COORDINATE", "Y_COORDINATE", "ANGLE"],
	"rows": [
		[1, "C1", "T", 700, 155, 90],
		[2, "DC1", "T", 2040, 470, 90],
		[3, "H1", "T", 1605, 155, 270],
		[4, "H2", "T", 560, 405, 0],
		[5, "H3", "T", 560, 1915, 270],
		[6, "H4", "T", 1965, 1665, 90],
		[7, "H5", "T", 1915, 1070, 90],
		[8, "U1", "T", 1295, 1215, 180],
		[9, "U2", "T", 1930, 2220, 0],
		[10, "U3", "T", 1285, 2235, 0],
		[11, "U4", "T", 1180, 105, 0],
		[12, "U5", "T", 540, 1020, 90]
	]
},
"pins": {
	"fields": ["PIN_NO", "PIN_NAME", "PIN_X", "PIN_Y", "LAYER", "PIN_TYPE", "NET_NAME", "NET_TYPE", "PAD_SHAPE", "PAD_SIZEX", "PAD_SIZEY", "HOLE_SIZE", "PAD_ANGLE"],
	"rows": [
		[1, "C1_1", 700, 115.63, "T", "DIP", "$1N594", "", "C", 51.18, 51.18, 31.5, 90],
		[2, "C1_1", 700, 115.63, "B", "DIP", "$1N594", "", "C", 51.18, 51.18, 31.5, 90],
		[3, "C1_2", 700, 194.37, "T", "DIP", "$1N598", "", "C", 51.18, 51.18, 31.5, 90],
		[4, "C1_2", 700, 194.37, "B", "DIP", "$1N598", "", "C", 51.18, 51.18, 31.5, 90],
		[5, "DC1_1", 1947.41, 588.11, "T", "DIP", "$1N1510", "", "O", 165.35, 70.87, 137.79, 180],
		[6, "DC1_1", 1947.41, 588.11, "B", "DIP", "$1N1510", "", "O", 165.35, 70.87, 137.79, 180],
		[7, "DC1_2", 1947.41, 351.89, "T", "DIP", "$1N3957", "", "O", 157.48, 70.87, 129.92, 0],
		[8, "DC1_2", 1947.41, 351.89, "B", "DIP", "$1N3957", "", "O", 157.48, 70.87, 129.92, 0],
		[9, "DC1_3", 2132.59, 469.99, "T", "DIP", "DC1_3", "", "O", 157.48, 70.87, 129.92, 90],
		[10, "DC1_3", 2132.59, 469.99, "B", "DIP", "DC1_3", "", "O", 157.48, 70.87, 129.92, 90],
		[11, "H1_1", 1605, 205, "T", "DIP", "$1N1510", "", "R", 78.74, 78.74, 47.24, 270],
		[12, "H1_1", 1605, 205, "B", "DIP", "$1N1510", "", "R", 78.74, 78.74, 47.24, 270],
		[13, "H1_2", 1605, 105, "T", "DIP", "$1N3957", "", "C", 78.74, 78.74, 47.24, 270],
		[14, "H1_2", 1605, 105, "B", "DIP", "$1N3957", "", "C", 78.74, 78.74, 47.24, 270],
		[15, "H2_1", 460, 355, "T", "DIP", "$1N986", "", "R", 66.93, 66.93, 43.31, 0],
		[16, "H2_1", 460, 355, "B", "DIP", "$1N986", "", "R", 66.93, 66.93, 43.31, 0],
		[17, "H2_2", 460, 455, "T", "DIP", "$1N990", "", "C", 66.93, 66.93, 43.31, 0],
		[18, "H2_2", 460, 455, "B", "DIP", "$1N990", "", "C", 66.93, 66.93, 43.31, 0],
		[19, "H2_3", 560, 355, "T", "DIP", "$1N3901", "", "C", 66.93, 66.93, 43.31, 0],
		[20, "H2_3", 560, 355, "B", "DIP", "$1N3901", "", "C", 66.93, 66.93, 43.31, 0],
		[21, "H2_4", 560, 455, "T", "DIP", "$1N3901", "", "C", 66.93, 66.93, 43.31, 0],
		[22, "H2_4", 560, 455, "B", "DIP", "$1N3901", "", "C", 66.93, 66.93, 43.31, 0],
		[23, "H2_5", 660, 355, "T", "DIP", "$1N3957", "", "C", 66.93, 66.93, 43.31, 0],
		[24, "H2_5", 660, 355, "B", "DIP", "$1N3957", "", "C", 66.93, 66.93, 43.31, 0],
		[25, "H2_6", 660, 455, "T", "DIP", "$1N3957", "", "C", 66.93, 66.93, 43.31, 0],
		[26, "H2_6", 660, 455, "B", "DIP", "$1N3957", "", "C", 66.93, 66.93, 43.31, 0],
		[27, "H3_1", 660, 2265, "T", "DIP", "$1N3957", "", "R", 60, 60, 39.37, 270],
		[28, "H3_1", 660, 2265, "B", "DIP", "$1N3957", "", "R", 60, 60, 39.37, 270],
		[29, "H3_2", 660, 2165, "T", "DIP", "$1N3957", "", "C", 60, 60, 39.37, 270],
		[30, "H3_2", 660, 2165, "B", "DIP", "$1N3957", "", "C", 60, 60, 39.37, 270],
		[31, "H3_3", 660, 2065, "T", "DIP", "$1N3957", "", "C", 60, 60, 39.37, 270],
		[32, "H3_3", 660, 2065, "B", "DIP", "$1N3957", "", "C", 60, 60, 39.37, 270],
		[33, "H3_4", 660, 1965, "T", "DIP", "$1N3957", "", "C", 60, 60, 39.37, 270],
		[34, "H3_4", 660, 1965, "B", "DIP", "$1N3957", "", "C", 60, 60, 39.37, 270],
		[35, "H3_5", 660, 1865, "T", "DIP", "$1N3957", "", "C", 60, 60, 39.37, 270],
		[36, "H3_5", 660, 1865, "B", "DIP", "$1N3957", "", "C", 60, 60, 39.37, 270],
		[37, "H3_6", 660, 1765, "T", "DIP", "$1N3957", "", "C", 60, 60, 39.37, 270],
		[38, "H3_6", 660, 1765, "B", "DIP", "$1N3957", "", "C", 60, 60, 39.37, 270],
		[39, "H3_7", 660, 1665, "T", "DIP", "$1N3957", "", "C", 60, 60, 39.37, 270],
		[40, "H3_7", 660, 1665, "B", "DIP", "$1N3957", "", "C", 60, 60, 39.37, 270],
		[41, "H3_8", 660, 1565, "T", "DIP", "$1N3957", "", "C", 60, 60, 39.37, 270],
		[42, "H3_8", 660, 1565, "B", "DIP", "$1N3957", "", "C", 60, 60, 39.37, 270],
		[43, "H3_9", 560, 2265, "T", "DIP", "$1N3901", "", "C", 60, 60, 39.37, 270],
		[44, "H3_9", 560, 2265, "B", "DIP", "$1N3901", "", "C", 60, 60, 39.37, 270],
		[45, "H3_10", 560, 2165, "T", "DIP", "$1N3901", "", "C", 60, 60, 39.37, 270],
		[46, "H3_10", 560, 2165, "B", "DIP", "$1N3901", "", "C", 60, 60, 39.37, 270],
		[47, "H3_11", 560, 2065, "T", "DIP", "$1N3901", "", "C", 60, 60, 39.37, 270],
		[48, "H3_11", 560, 2065, "B", "DIP", "$1N3901", "", "C", 60, 60, 39.37, 270],
		[49, "H3_12", 560, 1965, "T", "DIP", "$1N3901", "", "C", 60, 60, 39.37, 270],
		[50, "H3_12", 560, 1965, "B", "DIP", "$1N3901", "", "C", 60, 60, 39.37, 270],
		[51, "H3_13", 560, 1865, "T", "DIP", "$1N3901", "", "C", 60, 60, 39.37, 270],
		[52, "H3_13", 560, 1865, "B", "DIP", "$1N3901", "", "C", 60, 60, 39.37, 270],
		[53, "H3_14", 560, 1765, "T", "DIP", "$1N3901", "", "C", 60, 60, 39.37, 270],
		[54, "H3_14", 560, 1765, "B", "DIP", "$1N3901", "", "C", 60, 60, 39.37, 270],
		[55, "H3_15", 560, 1665, "T", "DIP", "$1N3901", "", "C", 60, 60, 39.37, 270],
		[56, "H3_15", 560, 1665, "B", "DIP", "$1N3901", "", "C", 60, 60, 39.37, 270],
		[57, "H3_16", 560, 1565, "T", "DIP", "$1N3901", "", "C", 60, 60, 39.37, 270],
		[58, "H3_16", 560, 1565, "B", "DIP", "$1N3901", "", "C", 60, 60, 39.37, 270],
		[59, "H3_17", 460, 2265, "T", "DIP", "$1N2149", "", "C", 60, 60, 39.37, 270],
		[60, "H3_17", 460, 2265, "B", "DIP", "$1N2149", "", "C", 60, 60, 39.37, 270],
		[61, "H3_18", 460, 2165, "T", "DIP", "$1N2143", "", "C", 60, 60, 39.37, 270],
		[62, "H3_18", 460, 2165, "B", "DIP", "$1N2143", "", "C", 60, 60, 39.37, 270],
		[63, "H3_19", 460, 2065, "T", "DIP", "$1N1822", "", "C", 60, 60, 39.37, 270],
		[64, "H3_19", 460, 2065, "B", "DIP", "$1N1822", "", "C", 60, 60, 39.37, 270],
		[65, "H3_20", 460, 1965, "T", "DIP", "$1N1815", "", "C", 60, 60, 39.37, 270],
		[66, "H3_20", 460, 1965, "B", "DIP", "$1N1815", "", "C", 60, 60, 39.37, 270],
		[67, "H3_21", 460, 1865, "T", "DIP", "$1N1808", "", "C", 60, 60, 39.37, 270],
		[68, "H3_21", 460, 1865, "B", "DIP", "$1N1808", "", "C", 60, 60, 39.37, 270],
		[69, "H3_22", 460, 1765, "T", "DIP", "$1N1801", "", "C", 60, 60, 39.37, 270],
		[70, "H3_22", 460, 1765, "B", "DIP", "$1N1801", "", "C", 60, 60, 39.37, 270],
		[71, "H3_23", 460, 1665, "T", "DIP", "$1N1794", "", "C", 60, 60, 39.37, 270],
		[72, "H3_23", 460, 1665, "B", "DIP", "$1N1794", "", "C", 60, 60, 39.37, 270],
		[73, "H3_24", 460, 1565, "T", "DIP", "$1N1788", "", "C", 60, 60, 39.37, 270],
		[74, "H3_24", 460, 1565, "B", "DIP", "$1N1788", "", "C", 60, 60, 39.37, 270],
		[75, "H4_1", 2115, 1465, "T", "DIP", "$1N2700", "", "R", 62.99, 62.99, 40.16, 90],
		[76, "H4_1", 2115, 1465, "B", "DIP", "$1N2700", "", "R", 62.99, 62.99, 40.16, 90],
		[77, "H4_2", 2015, 1465, "T", "DIP", "$1N2705", "", "C", 62.99, 62.99, 40.16, 90],
		[78, "H4_2", 2015, 1465, "B", "DIP", "$1N2705", "", "C", 62.99, 62.99, 40.16, 90],
		[79, "H4_3", 1915, 1465, "T", "DIP", "$1N3901", "", "C", 62.99, 62.99, 40.16, 90],
		[80, "H4_3", 1915, 1465, "B", "DIP", "$1N3901", "", "C", 62.99, 62.99, 40.16, 90],
		[81, "H4_4", 1815, 1465, "T", "DIP", "$1N3957", "", "C", 62.99, 62.99, 40.16, 90],
		[82, "H4_4", 1815, 1465, "B", "DIP", "$1N3957", "", "C", 62.99, 62.99, 40.16, 90],
		[83, "H4_5", 2115, 1565, "T", "DIP", "$1N2700", "", "C", 62.99, 62.99, 40.16, 90],
		[84, "H4_5", 2115, 1565, "B", "DIP", "$1N2700", "", "C", 62.99, 62.99, 40.16, 90],
		[85, "H4_6", 2015, 1565, "T", "DIP", "$1N2705", "", "C", 62.99, 62.99, 40.16, 90],
		[86, "H4_6", 2015, 1565, "B", "DIP", "$1N2705", "", "C", 62.99, 62.99, 40.16, 90],
		[87, "H4_7", 1915, 1565, "T", "DIP", "$1N3901", "", "C", 62.99, 62.99, 40.16, 90],
		[88, "H4_7", 1915, 1565, "B", "DIP", "$1N3901", "", "C", 62.99, 62.99, 40.16, 90],
		[89, "H4_8", 1815, 1565, "T", "DIP", "$1N3957", "", "C", 62.99, 62.99, 40.16, 90],
		[90, "H4_8", 1815, 1565, "B", "DIP", "$1N3957", "", "C", 62.99, 62.99, 40.16, 90],
		[91, "H4_9", 2115, 1665, "T", "DIP", "$1N2700", "", "C", 62.99, 62.99, 40.16, 90],
		[92, "H4_9", 2115, 1665, "B", "DIP", "$1N2700", "", "C", 62.99, 62.99, 40.16, 90],
		[93, "H4_10", 2015, 1665, "T", "DIP", "$1N2705", "", "C", 62.99, 62.99, 40.16, 90],
		[94, "H4_10", 2015, 1665, "B", "DIP", "$1N2705", "", "C", 62.99, 62.99, 40.16, 90],
		[95, "H4_11", 1915, 1665, "T", "DIP", "$1N3901", "", "C", 62.99, 62.99, 40.16, 90],
		[96, "H4_11", 1915, 1665, "B", "DIP", "$1N3901", "", "C", 62.99, 62.99, 40.16, 90],
		[97, "H4_12", 1815, 1665, "T", "DIP", "$1N3957", "", "C", 62.99, 62.99, 40.16, 90],
		[98, "H4_12", 1815, 1665, "B", "DIP", "$1N3957", "", "C", 62.99, 62.99, 40.16, 90],
		[99, "H4_13", 2115, 1765, "T", "DIP", "$1N2700", "", "C", 62.99, 62.99, 40.16, 90],
		[100, "H4_13", 2115, 1765, "B", "DIP", "$1N2700", "", "C", 62.99, 62.99, 40.16, 90],
		[101, "H4_14", 2015, 1765, "T", "DIP", "$1N2705", "", "C", 62.99, 62.99, 40.16, 90],
		[102, "H4_14", 2015, 1765, "B", "DIP", "$1N2705", "", "C", 62.99, 62.99, 40.16, 90],
		[103, "H4_15", 1915, 1765, "T", "DIP", "$1N3901", "", "C", 62.99, 62.99, 40.16, 90],
		[104, "H4_15", 1915, 1765, "B", "DIP", "$1N3901", "", "C", 62.99, 62.99, 40.16, 90],
		[105, "H4_16", 1815, 1765, "T", "DIP", "$1N3957", "", "C", 62.99, 62.99, 40.16, 90],
		[106, "H4_16", 1815, 1765, "B", "DIP", "$1N3957", "", "C", 62.99, 62.99, 40.16, 90],
		[107, "H4_17", 2115, 1865, "T", "DIP", "$1N2700", "", "C", 62.99, 62.99, 40.16, 90],
		[108, "H4_17", 2115, 1865, "B", "DIP", "$1N2700", "", "C", 62.99, 62.99, 40.16, 90],
		[109, "H4_18", 2015, 1865, "T", "DIP", "$1N2705", "", "C", 62.99, 62.99, 40.16, 90],
		[110, "H4_18", 2015, 1865, "B", "DIP", "$1N2705", "", "C", 62.99, 62.99, 40.16, 90],
		[111, "H4_19", 1915, 1865, "T", "DIP", "$1N3901", "", "C", 62.99, 62.99, 40.16, 90],
		[112, "H4_19", 1915, 1865, "B", "DIP", "$1N3901", "", "C", 62.99, 62.99, 40.16, 90],
		[113, "H4_20", 1815, 1865, "T", "DIP", "$1N3957", "", "C", 62.99, 62.99, 40.16, 90],
		[114, "H4_20", 1815, 1865, "B", "DIP", "$1N3957", "", "C", 62.99, 62.99, 40.16, 90],
		[115, "H5_1", 1815, 820, "T", "DIP", "$1N3957", "", "R", 60, 60, 36, 90],
		[116, "H5_1", 1815, 820, "B", "DIP", "$1N3957", "", "R", 60, 60, 36, 90],
		[117, "H5_2", 1815, 920, "T", "DIP", "$1N3957", "", "C", 60, 60, 36, 90],
		[118, "H5_2", 1815, 920, "B", "DIP", "$1N3957", "", "C", 60, 60, 36, 90],
		[119, "H5_3", 1815, 1020, "T", "DIP", "$1N3957", "", "C", 60, 60, 36, 90],
		[120, "H5_3", 1815, 1020, "B", "DIP", "$1N3957", "", "C", 60, 60, 36, 90],
		[121, "H5_4", 1815, 1120, "T", "DIP", "$1N3957", "", "C", 60, 60, 36, 90],
		[122, "H5_4", 1815, 1120, "B", "DIP", "$1N3957", "", "C", 60, 60, 36, 90],
		[123, "H5_5", 1815, 1220, "T", "DIP", "$1N3957", "", "C", 60, 60, 36, 90],
		[124, "H5_5", 1815, 1220, "B", "DIP", "$1N3957", "", "C", 60, 60, 36, 90],
		[125, "H5_6", 1815, 1320, "T", "DIP", "$1N3957", "", "C", 60, 60, 36, 90],
		[126, "H5_6", 1815, 1320, "B", "DIP", "$1N3957", "", "C", 60, 60, 36, 90],
		[127, "H5_7", 1915, 820, "T", "DIP", "$1N3901", "", "C", 60, 60, 36, 90],
		[128, "H5_7", 1915, 820, "B", "DIP", "$1N3901", "", "C", 60, 60, 36, 90],
		[129, "H5_8", 1915, 920, "T", "DIP", "$1N3901", "", "C", 60, 60, 36, 90],
		[130, "H5_8", 1915, 920, "B", "DIP", "$1N3901", "", "C", 60, 60, 36, 90],
		[131, "H5_9", 1915, 1020, "T", "DIP", "$1N3901", "", "C", 60, 60, 36, 90],
		[132, "H5_9", 1915, 1020, "B", "DIP", "$1N3901", "", "C", 60, 60, 36, 90],
		[133, "H5_10", 1915, 1120, "T", "DIP", "$1N3901", "", "C", 60, 60, 36, 90],
		[134, "H5_10", 1915, 1120, "B", "DIP", "$1N3901", "", "C", 60, 60, 36, 90],
		[135, "H5_11", 1915, 1220, "T", "DIP", "$1N3901", "", "C", 60, 60, 36, 90],
		[136, "H5_11", 1915, 1220, "B", "DIP", "$1N3901", "", "C", 60, 60, 36, 90],
		[137, "H5_12", 1915, 1320, "T", "DIP", "$1N3901", "", "C", 60, 60, 36, 90],
		[138, "H5_12", 1915, 1320, "B", "DIP", "$1N3901", "", "C", 60, 60, 36, 90],
		[139, "H5_13", 2015, 820, "T", "DIP", "$1N3343", "", "C", 60, 60, 36, 90],
		[140, "H5_13", 2015, 820, "B", "DIP", "$1N3343", "", "C", 60, 60, 36, 90],
		[141, "H5_14", 2015, 920, "T", "DIP", "$1N3349", "", "C", 60, 60, 36, 90],
		[142, "H5_14", 2015, 920, "B", "DIP", "$1N3349", "", "C", 60, 60, 36, 90],
		[143, "H5_15", 2015, 1020, "T", "DIP", "$1N3356", "", "C", 60, 60, 36, 90],
		[144, "H5_15", 2015, 1020, "B", "DIP", "$1N3356", "", "C", 60, 60, 36, 90],
		[145, "H5_16", 2015, 1120, "T", "DIP", "$1N3363", "", "C", 60, 60, 36, 90],
		[146, "H5_16", 2015, 1120, "B", "DIP", "$1N3363", "", "C", 60, 60, 36, 90],
		[147, "H5_17", 2015, 1220, "T", "DIP", "$1N3370", "", "C", 60, 60, 36, 90],
		[148, "H5_17", 2015, 1220, "B", "DIP", "$1N3370", "", "C", 60, 60, 36, 90],
		[149, "H5_18", 2015, 1320, "T", "DIP", "$1N3377", "", "C", 60, 60, 36, 90],
		[150, "H5_18", 2015, 1320, "B", "DIP", "$1N3377", "", "C", 60, 60, 36, 90],
		[151, "U1_1", 1595, 515, "T", "DIP", "$1N488", "", "R", 62.99, 62.99, 39.37, 180],
		[152, "U1_1", 1595, 515, "B", "DIP", "$1N488", "", "R", 62.99, 62.99, 39.37, 180],
		[153, "U1_2", 1595, 615, "T", "DIP", "U1_2", "", "C", 62.99, 62.99, 39.37, 180],
		[154, "U1_2", 1595, 615, "B", "DIP", "U1_2", "", "C", 62.99, 62.99, 39.37, 180],
		[155, "U1_3", 1595, 715, "T", "DIP", "U1_3", "", "C", 62.99, 62.99, 39.37, 180],
		[156, "U1_3", 1595, 715, "B", "DIP", "U1_3", "", "C", 62.99, 62.99, 39.37, 180],
		[157, "U1_4", 1595, 815, "T", "DIP", "$1N3343", "", "C", 62.99, 62.99, 39.37, 180],
		[158, "U1_4", 1595, 815, "B", "DIP", "$1N3343", "", "C", 62.99, 62.99, 39.37, 180],
		[159, "U1_5", 1595, 915, "T", "DIP", "$1N3349", "", "C", 62.99, 62.99, 39.37, 180],
		[160, "U1_5", 1595, 915, "B", "DIP", "$1N3349", "", "C", 62.99, 62.99, 39.37, 180],
		[161, "U1_6", 1595, 1015, "T", "DIP", "$1N3356", "", "C", 62.99, 62.99, 39.37, 180],
		[162, "U1_6", 1595, 1015, "B", "DIP", "$1N3356", "", "C", 62.99, 62.99, 39.37, 180],
		[163, "U1_7", 1595, 1115, "T", "DIP", "$1N3363", "", "C", 62.99, 62.99, 39.37, 180],
		[164, "U1_7", 1595, 1115, "B", "DIP", "$1N3363", "", "C", 62.99, 62.99, 39.37, 180],
		[165, "U1_8", 1595, 1215, "T", "DIP", "$1N2705", "", "C", 62.99, 62.99, 39.37, 180],
		[166, "U1_8", 1595, 1215, "B", "DIP", "$1N2705", "", "C", 62.99, 62.99, 39.37, 180],
		[167, "U1_9", 1595, 1315, "T", "DIP", "$1N2700", "", "C", 62.99, 62.99, 39.37, 180],
		[168, "U1_9", 1595, 1315, "B", "DIP", "$1N2700", "", "C", 62.99, 62.99, 39.37, 180],
		[169, "U1_10", 1595, 1415, "T", "DIP", "$1N3370", "", "C", 62.99, 62.99, 39.37, 180],
		[170, "U1_10", 1595, 1415, "B", "DIP", "$1N3370", "", "C", 62.99, 62.99, 39.37, 180],
		[171, "U1_11", 1595, 1515, "T", "DIP", "$1N3377", "", "C", 62.99, 62.99, 39.37, 180],
		[172, "U1_11", 1595, 1515, "B", "DIP", "$1N3377", "", "C", 62.99, 62.99, 39.37, 180],
		[173, "U1_12", 1595, 1615, "T", "DIP", "$1N3901", "", "C", 62.99, 62.99, 39.37, 180],
		[174, "U1_12", 1595, 1615, "B", "DIP", "$1N3901", "", "C", 62.99, 62.99, 39.37, 180],
		[175, "U1_13", 1595, 1715, "T", "DIP", "$1N598", "", "C", 62.99, 62.99, 39.37, 180],
		[176, "U1_13", 1595, 1715, "B", "DIP", "$1N598", "", "C", 62.99, 62.99, 39.37, 180],
		[177, "U1_14", 1595, 1815, "T", "DIP", "$1N3957", "", "C", 62.99, 62.99, 39.37, 180],
		[178, "U1_14", 1595, 1815, "B", "DIP", "$1N3957", "", "C", 62.99, 62.99, 39.37, 180],
		[179, "U1_15", 1595, 1915, "T", "DIP", "$1N1510", "", "C", 62.99, 62.99, 39.37, 180],
		[180, "U1_15", 1595, 1915, "B", "DIP", "$1N1510", "", "C", 62.99, 62.99, 39.37, 180],
		[181, "U1_16", 995, 1915, "T", "DIP", "$1N611", "", "C", 62.99, 62.99, 39.37, 180],
		[182, "U1_16", 995, 1915, "B", "DIP", "$1N611", "", "C", 62.99, 62.99, 39.37, 180],
		[183, "U1_17", 995, 1815, "T", "DIP", "$1N603", "", "C", 62.99, 62.99, 39.37, 180],
		[184, "U1_17", 995, 1815, "B", "DIP", "$1N603", "", "C", 62.99, 62.99, 39.37, 180],
		[185, "U1_18", 995, 1715, "T", "DIP", "U1_18", "", "C", 62.99, 62.99, 39.37, 180],
		[186, "U1_18", 995, 1715, "B", "DIP", "U1_18", "", "C", 62.99, 62.99, 39.37, 180],
		[187, "U1_19", 995, 1615, "T", "DIP", "U1_19", "", "C", 62.99, 62.99, 39.37, 180],
		[188, "U1_19", 995, 1615, "B", "DIP", "U1_19", "", "C", 62.99, 62.99, 39.37, 180],
		[189, "U1_20", 995, 1515, "T", "DIP", "$1N2596", "", "C", 62.99, 62.99, 39.37, 180],
		[190, "U1_20", 995, 1515, "B", "DIP", "$1N2596", "", "C", 62.99, 62.99, 39.37, 180],
		[191, "U1_21", 995, 1415, "T", "DIP", "$1N2262", "", "C", 62.99, 62.99, 39.37, 180],
		[192, "U1_21", 995, 1415, "B", "DIP", "$1N2262", "", "C", 62.99, 62.99, 39.37, 180],
		[193, "U1_22", 995, 1315, "T", "DIP", "$1N2589", "", "C", 62.99, 62.99, 39.37, 180],
		[194, "U1_22", 995, 1315, "B", "DIP", "$1N2589", "", "C", 62.99, 62.99, 39.37, 180],
		[195, "U1_23", 995, 1215, "T", "DIP", "$1N986", "", "C", 62.99, 62.99, 39.37, 180],
		[196, "U1_23", 995, 1215, "B", "DIP", "$1N986", "", "C", 62.99, 62.99, 39.37, 180],
		[197, "U1_24", 995, 1115, "T", "DIP", "$1N990", "", "C", 62.99, 62.99, 39.37, 180],
		[198, "U1_24", 995, 1115, "B", "DIP", "$1N990", "", "C", 62.99, 62.99, 39.37, 180],
		[199, "U1_25", 995, 1015, "T", "DIP", "$1N2583", "", "C", 62.99, 62.99, 39.37, 180],
		[200, "U1_25", 995, 1015, "B", "DIP", "$1N2583", "", "C", 62.99, 62.99, 39.37, 180],
		[201, "U1_26", 995, 915, "T", "DIP", "$1N454", "", "C", 62.99, 62.99, 39.37, 180],
		[202, "U1_26", 995, 915, "B", "DIP", "$1N454", "", "C", 62.99, 62.99, 39.37, 180],
		[203, "U1_27", 995, 815, "T", "DIP", "$1N460", "", "C", 62.99, 62.99, 39.37, 180],
		[204, "U1_27", 995, 815, "B", "DIP", "$1N460", "", "C", 62.99, 62.99, 39.37, 180],
		[205, "U1_28", 995, 715, "T", "DIP", "$1N467", "", "C", 62.99, 62.99, 39.37, 180],
		[206, "U1_28", 995, 715, "B", "DIP", "$1N467", "", "C", 62.99, 62.99, 39.37, 180],
		[207, "U1_29", 995, 615, "T", "DIP", "$1N474", "", "C", 62.99, 62.99, 39.37, 180],
		[208, "U1_29", 995, 615, "B", "DIP", "$1N474", "", "C", 62.99, 62.99, 39.37, 180],
		[209, "U1_30", 995, 515, "T", "DIP", "$1N481", "", "C", 62.99, 62.99, 39.37, 180],
		[210, "U1_30", 995, 515, "B", "DIP", "$1N481", "", "C", 62.99, 62.99, 39.37, 180],
		[211, "U2_1", 2046.93, 2129.45, "T", "SMD", "$1N3957", "", "R", 98.42, 43.31, 0, 0],
		[212, "U2_2", 2046.93, 2220, "T", "SMD", "U2_2", "", "R", 98.42, 43.31, 0, 0],
		[213, "U2_3", 2046.93, 2310.55, "T", "SMD", "$1N1510", "", "R", 98.42, 43.31, 0, 0],
		[214, "U2_4", 1813.07, 2220, "T", "SMD", "$1N448", "", "R", 92.13, 141.73, 0, 0],
		[215, "U3_1", 1135, 2185, "T", "DIP", "$1N3957", "", "R", 62.99, 62.99, 43.31, 0],
		[216, "U3_1", 1135, 2185, "B", "DIP", "$1N3957", "", "R", 62.99, 62.99, 43.31, 0],
		[217, "U3_2", 1135, 2285, "T", "DIP", "$1N448", "", "C", 62.99, 62.99, 43.31, 0],
		[218, "U3_2", 1135, 2285, "B", "DIP", "$1N448", "", "C", 62.99, 62.99, 43.31, 0],
		[219, "U3_3", 1235, 2185, "T", "DIP", "$1N460", "", "C", 62.99, 62.99, 43.31, 0],
		[220, "U3_3", 1235, 2185, "B", "DIP", "$1N460", "", "C", 62.99, 62.99, 43.31, 0],
		[221, "U3_4", 1235, 2285, "T", "DIP", "$1N454", "", "C", 62.99, 62.99, 43.31, 0],
		[222, "U3_4", 1235, 2285, "B", "DIP", "$1N454", "", "C", 62.99, 62.99, 43.31, 0],
		[223, "U3_5", 1335, 2185, "T", "DIP", "$1N488", "", "C", 62.99, 62.99, 43.31, 0],
		[224, "U3_5", 1335, 2185, "B", "DIP", "$1N488", "", "C", 62.99, 62.99, 43.31, 0],
		[225, "U3_6", 1335, 2285, "T", "DIP", "$1N474", "", "C", 62.99, 62.99, 43.31, 0],
		[226, "U3_6", 1335, 2285, "B", "DIP", "$1N474", "", "C", 62.99, 62.99, 43.31, 0],
		[227, "U3_7", 1435, 2185, "T", "DIP", "$1N481", "", "C", 62.99, 62.99, 43.31, 0],
		[228, "U3_7", 1435, 2185, "B", "DIP", "$1N481", "", "C", 62.99, 62.99, 43.31, 0],
		[229, "U3_8", 1435, 2285, "T", "DIP", "$1N467", "", "C", 62.99, 62.99, 43.31, 0],
		[230, "U3_8", 1435, 2285, "B", "DIP", "$1N467", "", "C", 62.99, 62.99, 43.31, 0],
		[231, "U4_1", 930, 105, "T", "DIP", "$1N594", "", "R", 70.87, 70.87, 47.24, 0],
		[232, "U4_1", 930, 105, "B", "DIP", "$1N594", "", "R", 70.87, 70.87, 47.24, 0],
		[233, "U4_2", 1030, 105, "T", "DIP", "$1N603", "", "C", 70.87, 70.87, 47.24, 0],
		[234, "U4_2", 1030, 105, "B", "DIP", "$1N603", "", "C", 70.87, 70.87, 47.24, 0],
		[235, "U4_3", 1130, 105, "T", "DIP", "$1N611", "", "C", 70.87, 70.87, 47.24, 0],
		[236, "U4_3", 1130, 105, "B", "DIP", "$1N611", "", "C", 70.87, 70.87, 47.24, 0],
		[237, "U4_4", 1230, 105, "T", "DIP", "$1N3901", "", "C", 70.87, 70.87, 47.24, 0],
		[238, "U4_4", 1230, 105, "B", "DIP", "$1N3901", "", "C", 70.87, 70.87, 47.24, 0],
		[239, "U4_5", 1330, 105, "T", "DIP", "U4_5", "", "C", 70.87, 70.87, 47.24, 0],
		[240, "U4_5", 1330, 105, "B", "DIP", "U4_5", "", "C", 70.87, 70.87, 47.24, 0],
		[241, "U4_6", 1430, 105, "T", "DIP", "$1N3957", "", "C", 70.87, 70.87, 47.24, 0],
		[242, "U4_6", 1430, 105, "B", "DIP", "$1N3957", "", "C", 70.87, 70.87, 47.24, 0],
		[243, "U5_1", 690, 670, "T", "DIP", "$1N2583", "", "C", 57.09, 57.09, 31.5, 90],
		[244, "U5_1", 690, 670, "B", "DIP", "$1N2583", "", "C", 57.09, 57.09, 31.5, 90],
		[245, "U5_2", 690, 770, "T", "DIP", "$1N2589", "", "C", 57.09, 57.09, 31.5, 90],
		[246, "U5_2", 690, 770, "B", "DIP", "$1N2589", "", "C", 57.09, 57.09, 31.5, 90],
		[247, "U5_3", 690, 870, "T", "DIP", "$1N2596", "", "C", 57.09, 57.09, 31.5, 90],
		[248, "U5_3", 690, 870, "B", "DIP", "$1N2596", "", "C", 57.09, 57.09, 31.5, 90],
		[249, "U5_4", 690, 970, "T", "DIP", "$1N3957", "", "C", 57.09, 57.09, 31.5, 90],
		[250, "U5_4", 690, 970, "B", "DIP", "$1N3957", "", "C", 57.09, 57.09, 31.5, 90],
		[251, "U5_5", 690, 1070, "T", "DIP", "$1N3957", "", "C", 57.09, 57.09, 31.5, 90],
		[252, "U5_5", 690, 1070, "B", "DIP", "$1N3957", "", "C", 57.09, 57.09, 31.5, 90],
		[253, "U5_6", 690, 1170, "T", "DIP", "$1N2262", "", "C", 57.09, 57.09, 31.5, 90],
		[254, "U5_6", 690, 1170, "B", "DIP", "$1N2262", "", "C", 57.09, 57.09, 31.5, 90],
		[255, "U5_7", 690, 1270, "T", "DIP", "$1N2149", "", "C", 57.09, 57.09, 31.5, 90],
		[256, "U5_7", 690, 1270, "B", "DIP", "$1N2149", "", "C", 57.09, 57.09, 31.5, 90],
		[257, "U5_8", 690, 1370, "T", "DIP", "$1N3957", "", "C", 57.09, 57.09, 31.5, 90],
		[258, "U5_8", 690, 1370, "B", "DIP", "$1N3957", "", "C", 57.09, 57.09, 31.5, 90],
		[259, "U5_9", 390, 1370, "T", "DIP", "$1N2143", "", "C", 57.09, 57.09, 31.5, 90],
		[260, "U5_9", 390, 1370, "B", "DIP", "$1N2143", "", "C", 57.09, 57.09, 31.5, 90],
		[261, "U5_10", 390, 1270, "T", "DIP", "$1N1822", "", "C", 57.09, 57.09, 31.5, 90],
		[262, "U5_10", 390, 1270, "B", "DIP", "$1N1822", "", "C", 57.09, 57.09, 31.5, 90],
		[263, "U5_11", 390, 1170, "T", "DIP", "$1N1815", "", "C", 57.09, 57.09, 31.5, 90],
		[264, "U5_11", 390, 1170, "B", "DIP", "$1N1815", "", "C", 57.09, 57.09, 31.5, 90],
		[265, "U5_12", 390, 1070, "T", "DIP", "$1N1808", "", "C", 57.09, 57.09, 31.5, 90],
		[266, "U5_12", 390, 1070, "B", "DIP", "$1N1808", "", "C", 57.09, 57.09, 31.5, 90],
		[267, "U5_13", 390, 970, "T", "DIP", "$1N1801", "", "C", 57.09, 57.09, 31.5, 90],
		[268, "U5_13", 390, 970, "B", "DIP", "$1N1801", "", "C", 57.09, 57.09, 31.5, 90],
		[269, "U5_14", 390, 870, "T", "DIP", "$1N1794", "", "C", 57.09, 57.09, 31.5, 90],
		[270, "U5_14", 390, 870, "B", "DIP", "$1N1794", "", "C", 57.09, 57.09, 31.5, 90],
		[271, "U5_15", 390, 770, "T", "DIP", "$1N1788", "", "C", 57.09, 57.09, 31.5, 90],
		[272, "U5_15", 390, 770, "B", "DIP", "$1N1788", "", "C", 57.09, 57.09, 31.5, 90],
		[273, "U5_16", 390, 670, "T", "DIP", "$1N3901", "", "C", 57.09, 57.09, 31.5, 90],
		[274, "U5_16", 390, 670, "B", "DIP", "$1N3901", "", "C", 57.09, 57.09, 31.5, 90]
	]
}
}