{
"lengthUnit": "mil",
"components": {
	"fields": ["COMPONENT_NO", "COMPONENT_NAME", "LAYER", "X_COORDINATE", "Y_COORDINATE", "ANGLE"],
	"rows": [
		[1, "DC1", "T", 2160, 470, 90],
		[2, "H1", "T", 1770, 500, 270],
		[3, "H2", "T", 1310, 2235, 0],
		[4, "H3", "T", 855, 2335, 0],
		[5, "H4", "T", 300, 1360, 0],
		[6, "H5", "T", 400, 1855, 270],
		[7, "H6", "T", 300, 635, 90],
		[8, "U1", "T", 565, 1870, 0],
		[9, "U2", "T", 2045, 825, 0],
		[10, "U3", "T", 2055, 1235, 0],
		[11, "U4", "T", 2000, 1665, 0]
	]
},
"pins": {
	"fields": ["PIN_NO", "PIN_NAME", "PIN_X", "PIN_Y", "LAYER", "PIN_TYPE", "NET_NAME", "NET_TYPE", "PAD_SHAPE", "PAD_SIZEX", "PAD_SIZEY", "HOLE_SIZE", "PAD_ANGLE"],
	"rows": [
		[1, "DC1_1", 2067.41, 588.11, "T", "DIP", "$1N346", "", "O", 165.35, 70.87, 137.79, 180],
		[2, "DC1_1", 2067.41, 588.11, "B", "DIP", "$1N346", "", "O", 165.35, 70.87, 137.79, 180],
		[3, "DC1_2", 2067.41, 351.89, "T", "DIP", "$1N396", "", "O", 157.48, 70.87, 129.92, 0],
		[4, "DC1_2", 2067.41, 351.89, "B", "DIP", "$1N396", "", "O", 157.48, 70.87, 129.92, 0],
		[5, "DC1_3", 2252.59, 469.99, "T", "DIP", "DC1_3", "", "O", 157.48, 70.87, 129.92, 90],
		[6, "DC1_3", 2252.59, 469.99, "B", "DIP", "DC1_3", "", "O", 157.48, 70.87, 129.92, 90],
		[7, "H1_1", 1770, 550, "T", "DIP", "$1N346", "", "R", 78.74, 78.74, 47.24, 270],
		[8, "H1_1", 1770, 550, "B", "DIP", "$1N346", "", "R", 78.74, 78.74, 47.24, 270],
		[9, "H1_2", 1770, 450, "T", "DIP", "$1N396", "", "C", 78.74, 78.74, 47.24, 270],
		[10, "H1_2", 1770, 450, "B", "DIP", "$1N396", "", "C", 78.74, 78.74, 47.24, 270],
		[11, "H2_1", 1260, 2185, "T", "DIP", "$1N1355", "", "R", 66.93, 66.93, 43.31, 0],
		[12, "H2_1", 1260, 2185, "B", "DIP", "$1N1355", "", "R", 66.93, 66.93, 43.31, 0],
		[13, "H2_2", 1260, 2285, "T", "DIP", "$1N1359", "", "C", 66.93, 66.93, 43.31, 0],
		[14, "H2_2", 1260, 2285, "B", "DIP", "$1N1359", "", "C", 66.93, 66.93, 43.31, 0],
		[15, "H2_3", 1360, 2185, "T", "DIP", "$1N1349", "", "C", 66.93, 66.93, 43.31, 0],
		[16, "H2_3", 1360, 2185, "B", "DIP", "$1N1349", "", "C", 66.93, 66.93, 43.31, 0],
		[17, "H2_4", 1360, 2285, "T", "DIP", "$1N1366", "", "C", 66.93, 66.93, 43.31, 0],
		[18, "H2_4", 1360, 2285, "B", "DIP", "$1N1366", "", "C", 66.93, 66.93, 43.31, 0],
		[19, "H3_1", 655, 2185, "T", "DIP", "$1N376", "", "R", 62.99, 62.99, 40.16, 0],
		[20, "H3_1", 655, 2185, "B", "DIP", "$1N376", "", "R", 62.99, 62.99, 40.16, 0],
		[21, "H3_2", 655, 2285, "T", "DIP", "$1N382", "", "C", 62.99, 62.99, 40.16, 0],
		[22, "H3_2", 655, 2285, "B", "DIP", "$1N382", "", "C", 62.99, 62.99, 40.16, 0],
		[23, "H3_3", 655, 2385, "T", "DIP", "$1N389", "", "C", 62.99, 62.99, 40.16, 0],
		[24, "H3_3", 655, 2385, "B", "DIP", "$1N389", "", "C", 62.99, 62.99, 40.16, 0],
		[25, "H3_4", 655, 2485, "T", "DIP", "$1N396", "", "C", 62.99, 62.99, 40.16, 0],
		[26, "H3_4", 655, 2485, "B", "DIP", "$1N396", "", "C", 62.99, 62.99, 40.16, 0],
		[27, "H3_5", 755, 2185, "T", "DIP", "$1N376", "", "C", 62.99, 62.99, 40.16, 0],
		[28, "H3_5", 755, 2185, "B", "DIP", "$1N376", "", "C", 62.99, 62.99, 40.16, 0],
		[29, "H3_6", 755, 2285, "T", "DIP", "$1N382", "", "C", 62.99, 62.99, 40.16, 0],
		[30, "H3_6", 755, 2285, "B", "DIP", "$1N382", "", "C", 62.99, 62.99, 40.16, 0],
		[31, "H3_7", 755, 2385, "T", "DIP", "$1N389", "", "C", 62.99, 62.99, 40.16, 0],
		[32, "H3_7", 755, 2385, "B", "DIP", "$1N389", "", "C", 62.99, 62.99, 40.16, 0],
		[33, "H3_8", 755, 2485, "T", "DIP", "$1N396", "", "C", 62.99, 62.99, 40.16, 0],
		[34, "H3_8", 755, 2485, "B", "DIP", "$1N396", "", "C", 62.99, 62.99, 40.16, 0],
		[35, "H3_9", 855, 2185, "T", "DIP", "$1N376", "", "C", 62.99, 62.99, 40.16, 0],
		[36, "H3_9", 855, 2185, "B", "DIP", "$1N376", "", "C", 62.99, 62.99, 40.16, 0],
		[37, "H3_10", 855, 2285, "T", "DIP", "$1N382", "", "C", 62.99, 62.99, 40.16, 0],
		[38, "H3_10", 855, 2285, "B", "DIP", "$1N382", "", "C", 62.99, 62.99, 40.16, 0],
		[39, "H3_11", 855, 2385, "T", "DIP", "$1N389", "", "C", 62.99, 62.99, 40.16, 0],
		[40, "H3_11", 855, 2385, "B", "DIP", "$1N389", "", "C", 62.99, 62.99, 40.16, 0],
		[41, "H3_12", 855, 2485, "T", "DIP", "$1N396", "", "C", 62.99, 62.99, 40.16, 0],
		[42, "H3_12", 855, 2485, "B", "DIP", "$1N396", "", "C", 62.99, 62.99, 40.16, 0],
		[43, "H3_13", 955, 2185, "T", "DIP", "$1N376", "", "C", 62.99, 62.99, 40.16, 0],
		[44, "H3_13", 955, 2185, "B", "DIP", "$1N376", "", "C", 62.99, 62.99, 40.16, 0],
		[45, "H3_14", 955, 2285, "T", "DIP", "$1N382", "", "C", 62.99, 62.99, 40.16, 0],
		[46, "H3_14", 955, 2285, "B", "DIP", "$1N382", "", "C", 62.99, 62.99, 40.16, 0],
		[47, "H3_15", 955, 2385, "T", "DIP", "$1N389", "", "C", 62.99, 62.99, 40.16, 0],
		[48, "H3_15", 955, 2385, "B", "DIP", "$1N389", "", "C", 62.99, 62.99, 40.16, 0],
		[49, "H3_16", 955, 2485, "T", "DIP", "$1N396", "", "C", 62.99, 62.99, 40.16, 0],
		[50, "H3_16", 955, 2485, "B", "DIP", "$1N396", "", "C", 62.99, 62.99, 40.16, 0],
		[51, "H3_17", 1055, 2185, "T", "DIP", "$1N376", "", "C", 62.99, 62.99, 40.16, 0],
		[52, "H3_17", 1055, 2185, "B", "DIP", "$1N376", "", "C", 62.99, 62.99, 40.16, 0],
		[53, "H3_18", 1055, 2285, "T", "DIP", "$1N382", "", "C", 62.99, 62.99, 40.16, 0],
		[54, "H3_18", 1055, 2285, "B", "DIP", "$1N382", "", "C", 62.99, 62.99, 40.16, 0],
		[55, "H3_19", 1055, 2385, "T", "DIP", "$1N389", "", "C", 62.99, 62.99, 40.16, 0],
		[56, "H3_19", 1055, 2385, "B", "DIP", "$1N389", "", "C", 62.99, 62.99, 40.16, 0],
		[57, "H3_20", 1055, 2485, "T", "DIP", "$1N396", "", "C", 62.99, 62.99, 40.16, 0],
		[58, "H3_20", 1055, 2485, "B", "DIP", "$1N396", "", "C", 62.99, 62.99, 40.16, 0],
		[59, "H4_1", 200, 1310, "T", "DIP", "$1N1470", "", "R", 66.93, 66.93, 43.31, 0],
		[60, "H4_1", 200, 1310, "B", "DIP", "$1N1470", "", "R", 66.93, 66.93, 43.31, 0],
		[61, "H4_2", 200, 1410, "T", "DIP", "$1N1476", "", "C", 66.93, 66.93, 43.31, 0],
		[62, "H4_2", 200, 1410, "B", "DIP", "$1N1476", "", "C", 66.93, 66.93, 43.31, 0],
		[63, "H4_3", 300, 1310, "T", "DIP", "$1N389", "", "C", 66.93, 66.93, 43.31, 0],
		[64, "H4_3", 300, 1310, "B", "DIP", "$1N389", "", "C", 66.93, 66.93, 43.31, 0],
		[65, "H4_4", 300, 1410, "T", "DIP", "$1N389", "", "C", 66.93, 66.93, 43.31, 0],
		[66, "H4_4", 300, 1410, "B", "DIP", "$1N389", "", "C", 66.93, 66.93, 43.31, 0],
		[67, "H4_5", 400, 1310, "T", "DIP", "$1N396", "", "C", 66.93, 66.93, 43.31, 0],
		[68, "H4_5", 400, 1310, "B", "DIP", "$1N396", "", "C", 66.93, 66.93, 43.31, 0],
		[69, "H4_6", 400, 1410, "T", "DIP", "$1N396", "", "C", 66.93, 66.93, 43.31, 0],
		[70, "H4_6", 400, 1410, "B", "DIP", "$1N396", "", "C", 66.93, 66.93, 43.31, 0],
		[71, "H5_1", 400, 2055, "T", "DIP", "$1N1759", "", "R", 66.93, 66.93, 43.31, 270],
		[72, "H5_1", 400, 2055, "B", "DIP", "$1N1759", "", "R", 66.93, 66.93, 43.31, 270],
		[73, "H5_2", 400, 1955, "T", "DIP", "$1N1749", "", "C", 66.93, 66.93, 43.31, 270],
		[74, "H5_2", 400, 1955, "B", "DIP", "$1N1749", "", "C", 66.93, 66.93, 43.31, 270],
		[75, "H5_3", 400, 1855, "T", "DIP", "$1N1742", "", "C", 66.93, 66.93, 43.31, 270],
		[76, "H5_3", 400, 1855, "B", "DIP", "$1N1742", "", "C", 66.93, 66.93, 43.31, 270],
		[77, "H5_4", 400, 1755, "T", "DIP", "$1N1735", "", "C", 66.93, 66.93, 43.31, 270],
		[78, "H5_4", 400, 1755, "B", "DIP", "$1N1735", "", "C", 66.93, 66.93, 43.31, 270],
		[79, "H5_5", 400, 1655, "T", "DIP", "$1N1730", "", "C", 66.93, 66.93, 43.31, 270],
		[80, "H5_5", 400, 1655, "B", "DIP", "$1N1730", "", "C", 66.93, 66.93, 43.31, 270],
		[81, "H6_1", 200, 335, "T", "DIP", "$1N2197", "", "R", 60, 60, 36, 90],
		[82, "H6_1", 200, 335, "B", "DIP", "$1N2197", "", "R", 60, 60, 36, 90],
		[83, "H6_2", 200, 435, "T", "DIP", "$1N2203", "", "C", 60, 60, 36, 90],
		[84, "H6_2", 200, 435, "B", "DIP", "$1N2203", "", "C", 60, 60, 36, 90],
		[85, "H6_3", 200, 535, "T", "DIP", "$1N2209", "", "C", 60, 60, 36, 90],
		[86, "H6_3", 200, 535, "B", "DIP", "$1N2209", "", "C", 60, 60, 36, 90],
		[87, "H6_4", 200, 635, "T", "DIP", "$1N2216", "", "C", 60, 60, 36, 90],
		[88, "H6_4", 200, 635, "B", "DIP", "$1N2216", "", "C", 60, 60, 36, 90],
		[89, "H6_5", 200, 735, "T", "DIP", "$1N2223", "", "C", 60, 60, 36, 90],
		[90, "H6_5", 200, 735, "B", "DIP", "$1N2223", "", "C", 60, 60, 36, 90],
		[91, "H6_6", 200, 835, "T", "DIP", "$1N2230", "", "C", 60, 60, 36, 90],
		[92, "H6_6", 200, 835, "B", "DIP", "$1N2230", "", "C", 60, 60, 36, 90],
		[93, "H6_7", 200, 935, "T", "DIP", "$1N2243", "", "C", 60, 60, 36, 90],
		[94, "H6_7", 200, 935, "B", "DIP", "$1N2243", "", "C", 60, 60, 36, 90],
		[95, "H6_8", 300, 335, "T", "DIP", "$1N389", "", "C", 60, 60, 36, 90],
		[96, "H6_8", 300, 335, "B", "DIP", "$1N389", "", "C", 60, 60, 36, 90],
		[97, "H6_9", 300, 435, "T", "DIP", "$1N389", "", "C", 60, 60, 36, 90],
		[98, "H6_9", 300, 435, "B", "DIP", "$1N389", "", "C", 60, 60, 36, 90],
		[99, "H6_10", 300, 535, "T", "DIP", "$1N389", "", "C", 60, 60, 36, 90],
		[100, "H6_10", 300, 535, "B", "DIP", "$1N389", "", "C", 60, 60, 36, 90],
		[101, "H6_11", 300, 635, "T", "DIP", "$1N389", "", "C", 60, 60, 36, 90],
		[102, "H6_11", 300, 635, "B", "DIP", "$1N389", "", "C", 60, 60, 36, 90],
		[103, "H6_12", 300, 735, "T", "DIP", "$1N389", "", "C", 60, 60, 36, 90],
		[104, "H6_12", 300, 735, "B", "DIP", "$1N389", "", "C", 60, 60, 36, 90],
		[105, "H6_13", 300, 835, "T", "DIP", "$1N389", "", "C", 60, 60, 36, 90],
		[106, "H6_13", 300, 835, "B", "DIP", "$1N389", "", "C", 60, 60, 36, 90],
		[107, "H6_14", 300, 935, "T", "DIP", "$1N389", "", "C", 60, 60, 36, 90],
		[108, "H6_14", 300, 935, "B", "DIP", "$1N389", "", "C", 60, 60, 36, 90],
		[109, "H6_15", 400, 335, "T", "DIP", "$1N396", "", "C", 60, 60, 36, 90],
		[110, "H6_15", 400, 335, "B", "DIP", "$1N396", "", "C", 60, 60, 36, 90],
		[111, "H6_16", 400, 435, "T", "DIP", "$1N396", "", "C", 60, 60, 36, 90],
		[112, "H6_16", 400, 435, "B", "DIP", "$1N396", "", "C", 60, 60, 36, 90],
		[113, "H6_17", 400, 535, "T", "DIP", "$1N396", "", "C", 60, 60, 36, 90],
		[114, "H6_17", 400, 535, "B", "DIP", "$1N396", "", "C", 60, 60, 36, 90],
		[115, "H6_18", 400, 635, "T", "DIP", "$1N396", "", "C", 60, 60, 36, 90],
		[116, "H6_18", 400, 635, "B", "DIP", "$1N396", "", "C", 60, 60, 36, 90],
		[117, "H6_19", 400, 735, "T", "DIP", "$1N396", "", "C", 60, 60, 36, 90],
		[118, "H6_19", 400, 735, "B", "DIP", "$1N396", "", "C", 60, 60, 36, 90],
		[119, "H6_20", 400, 835, "T", "DIP", "$1N396", "", "C", 60, 60, 36, 90],
		[120, "H6_20", 400, 835, "B", "DIP", "$1N396", "", "C", 60, 60, 36, 90],
		[121, "H6_21", 400, 935, "T", "DIP", "$1N396", "", "C", 60, 60, 36, 90],
		[122, "H6_21", 400, 935, "B", "DIP", "$1N396", "", "C", 60, 60, 36, 90],
		[123, "U1_1", 565, 1870, "T", "DIP", "$1N1759", "", "R", 60, 60, 37.8, 0],
		[124, "U1_1", 565, 1870, "B", "DIP", "$1N1759", "", "R", 60, 60, 37.8, 0],
		[125, "U1_2", 565, 1770, "T", "DIP", "$1N1749", "", "C", 60, 60, 36, 0],
		[126, "U1_2", 565, 1770, "B", "DIP", "$1N1749", "", "C", 60, 60, 36, 0],
		[127, "U1_3", 565, 1670, "T", "DIP", "$1N1742", "", "C", 60, 60, 36, 0],
		[128, "U1_3", 565, 1670, "B", "DIP", "$1N1742", "", "C", 60, 60, 36, 0],
		[129, "U1_4", 565, 1570, "T", "DIP", "$1N1735", "", "C", 60, 60, 36, 0],
		[130, "U1_4", 565, 1570, "B", "DIP", "$1N1735", "", "C", 60, 60, 36, 0],
		[131, "U1_5", 565, 1470, "T", "DIP", "$1N1730", "", "C", 60, 60, 36, 0],
		[132, "U1_5", 565, 1470, "B", "DIP", "$1N1730", "", "C", 60, 60, 36, 0],
		[133, "U1_6", 565, 1370, "T", "DIP", "$1N2243", "", "C", 60, 60, 36, 0],
		[134, "U1_6", 565, 1370, "B", "DIP", "$1N2243", "", "C", 60, 60, 36, 0],
		[135, "U1_7", 565, 1269.99, "T", "DIP", "$1N990", "", "C", 60, 60, 36, 0],
		[136, "U1_7", 565, 1269.99, "B", "DIP", "$1N990", "", "C", 60, 60, 36, 0],
		[137, "U1_8", 565, 1169.99, "T", "DIP", "$1N1470", "", "C", 60, 60, 36, 0],
		[138, "U1_8", 565, 1169.99, "B", "DIP", "$1N1470", "", "C", 60, 60, 36, 0],
		[139, "U1_9", 565, 1069.99, "T", "DIP", "$1N1476", "", "C", 60, 60, 36, 0],
		[140, "U1_9", 565, 1069.99, "B", "DIP", "$1N1476", "", "C", 60, 60, 36, 0],
		[141, "U1_10", 565, 970, "T", "DIP", "$1N2230", "", "C", 60, 60, 36, 0],
		[142, "U1_10", 565, 970, "B", "DIP", "$1N2230", "", "C", 60, 60, 36, 0],
		[143, "U1_11", 565, 870, "T", "DIP", "$1N2216", "", "C", 60, 60, 36, 0],
		[144, "U1_11", 565, 870, "B", "DIP", "$1N2216", "", "C", 60, 60, 36, 0],
		[145, "U1_12", 565, 769.99, "T", "DIP", "$1N2203", "", "C", 60, 60, 36, 0],
		[146, "U1_12", 565, 769.99, "B", "DIP", "$1N2203", "", "C", 60, 60, 36, 0],
		[147, "U1_13", 565, 669.99, "T", "DIP", "$1N2209", "", "C", 60, 60, 36, 0],
		[148, "U1_13", 565, 669.99, "B", "DIP", "$1N2209", "", "C", 60, 60, 36, 0],
		[149, "U1_14", 565, 569.99, "T", "DIP", "$1N396", "", "C", 60, 60, 36, 0],
		[150, "U1_14", 565, 569.99, "B", "DIP", "$1N396", "", "C", 60, 60, 36, 0],
		[151, "U1_15", 565, 469.99, "T", "DIP", "$1N389", "", "C", 60, 60, 36, 0],
		[152, "U1_15", 565, 469.99, "B", "DIP", "$1N389", "", "C", 60, 60, 36, 0],
		[153, "U1_16", 1565, 1870, "T", "DIP", "$1N998", "", "C", 60, 60, 36, 0],
		[154, "U1_16", 1565, 1870, "B", "DIP", "$1N998", "", "C", 60, 60, 36, 0],
		[155, "U1_17", 1565, 1770, "T", "DIP", "$1N376", "", "C", 60, 60, 36, 0],
		[156, "U1_17", 1565, 1770, "B", "DIP", "$1N376", "", "C", 60, 60, 36, 0],
		[157, "U1_18", 1565, 1670, "T", "DIP", "$1N1355", "", "C", 60, 60, 36, 0],
		[158, "U1_18", 1565, 1670, "B", "DIP", "$1N1355", "", "C", 60, 60, 36, 0],
		[159, "U1_19", 1565, 1570, "T", "DIP", "$1N1349", "", "C", 60, 60, 36, 0],
		[160, "U1_19", 1565, 1570, "B", "DIP", "$1N1349", "", "C", 60, 60, 36, 0],
		[161, "U1_20", 1565, 1470, "T", "DIP", "$1N382", "", "C", 60, 60, 36, 0],
		[162, "U1_20", 1565, 1470, "B", "DIP", "$1N382", "", "C", 60, 60, 36, 0],
		[163, "U1_21", 1565, 1370, "T", "DIP", "$1N983", "", "C", 60, 60, 36, 0],
		[164, "U1_21", 1565, 1370, "B", "DIP", "$1N983", "", "C", 60, 60, 36, 0],
		[165, "U1_22", 1565, 1269.99, "T", "DIP", "$1N976", "", "C", 60, 60, 36, 0],
		[166, "U1_22", 1565, 1269.99, "B", "DIP", "$1N976", "", "C", 60, 60, 36, 0],
		[167, "U1_23", 1565, 1169.99, "T", "DIP", "$1N1005", "", "C", 60, 60, 36, 0],
		[168, "U1_23", 1565, 1169.99, "B", "DIP", "$1N1005", "", "C", 60, 60, 36, 0],
		[169, "U1_24", 1565, 1069.99, "T", "DIP", "$1N1359", "", "C", 60, 60, 36, 0],
		[170, "U1_24", 1565, 1069.99, "B", "DIP", "$1N1359", "", "C", 60, 60, 36, 0],
		[171, "U1_25", 1565, 970, "T", "DIP", "$1N1366", "", "C", 60, 60, 36, 0],
		[172, "U1_25", 1565, 970, "B", "DIP", "$1N1366", "", "C", 60, 60, 36, 0],
		[173, "U1_26", 1565, 870, "T", "DIP", "$1N970", "", "C", 60, 60, 36, 0],
		[174, "U1_26", 1565, 870, "B", "DIP", "$1N970", "", "C", 60, 60, 36, 0],
		[175, "U1_27", 1565, 769.99, "T", "DIP", "$1N2197", "", "C", 60, 60, 36, 0],
		[176, "U1_27", 1565, 769.99, "B", "DIP", "$1N2197", "", "C", 60, 60, 36, 0],
		[177, "U1_28", 1565, 669.99, "T", "DIP", "$1N2223", "", "C", 60, 60, 36, 0],
		[178, "U1_28", 1565, 669.99, "B", "DIP", "$1N2223", "", "C", 60, 60, 36, 0],
		[179, "U1_29", 1565, 569.99, "T", "DIP", "U1_29", "", "C", 60, 60, 36, 0],
		[180, "U1_29", 1565, 569.99, "B", "DIP", "U1_29", "", "C", 60, 60, 36, 0],
		[181, "U1_30", 1565, 469.99, "T", "DIP", "U1_30", "", "C", 60, 60, 36, 0],
		[182, "U1_30", 1565, 469.99, "B", "DIP", "U1_30", "", "C", 60, 60, 36, 0],
		[183, "U2_1", 2161.93, 734.45, "T", "SMD", "$1N396", "", "R", 98.42, 43.31, 0, 0],
		[184, "U2_2", 2161.93, 825, "T", "SMD", "U2_2", "", "R", 98.42, 43.31, 0, 0],
		[185, "U2_3", 2161.93, 915.55, "T", "SMD", "$1N346", "", "R", 98.42, 43.31, 0, 0],
		[186, "U2_4", 1928.07, 825, "T", "SMD", "$1N934", "", "R", 92.13, 141.73, 0, 0],
		[187, "U3_1", 2167.5, 1144.45, "T", "SMD", "$1N396", "", "R", 97.05, 41.34, 0, 0],
		[188, "U3_2", 2167.5, 1235, "T", "SMD", "U3_2", "", "R", 97.05, 41.34, 0, 0],
		[189, "U3_3", 2167.5, 1325.55, "T", "SMD", "$1N346", "", "R", 97.05, 41.34, 0, 0],
		[190, "U3_4", 1942.5, 1235, "T", "SMD", "$1N389", "", "R", 97.05, 139.37, 0, 0],
		[191, "U4_1", 1850, 1615, "T", "DIP", "$1N396", "", "R", 62.99, 62.99, 43.31, 0],
		[192, "U4_1", 1850, 1615, "B", "DIP", "$1N396", "", "R", 62.99, 62.99, 43.31, 0],
		[193, "U4_2", 1850, 1715, "T", "DIP", "$1N934", "", "C", 62.99, 62.99, 43.31, 0],
		[194, "U4_2", 1850, 1715, "B", "DIP", "$1N934", "", "C", 62.99, 62.99, 43.31, 0],
		[195, "U4_3", 1950, 1615, "T", "DIP", "$1N970", "", "C", 62.99, 62.99, 43.31, 0],
		[196, "U4_3", 1950, 1615, "B", "DIP", "$1N970", "", "C", 62.99, 62.99, 43.31, 0],
		[197, "U4_4", 1950, 1715, "T", "DIP", "$1N1005", "", "C", 62.99, 62.99, 43.31, 0],
		[198, "U4_4", 1950, 1715, "B", "DIP", "$1N1005", "", "C", 62.99, 62.99, 43.31, 0],
		[199, "U4_5", 2050, 1615, "T", "DIP", "$1N976", "", "C", 62.99, 62.99, 43.31, 0],
		[200, "U4_5", 2050, 1615, "B", "DIP", "$1N976", "", "C", 62.99, 62.99, 43.31, 0],
		[201, "U4_6", 2050, 1715, "T", "DIP", "$1N998", "", "C", 62.99, 62.99, 43.31, 0],
		[202, "U4_6", 2050, 1715, "B", "DIP", "$1N998", "", "C", 62.99, 62.99, 43.31, 0],
		[203, "U4_7", 2150, 1615, "T", "DIP", "$1N983", "", "C", 62.99, 62.99, 43.31, 0],
		[204, "U4_7", 2150, 1615, "B", "DIP", "$1N983", "", "C", 62.99, 62.99, 43.31, 0],
		[205, "U4_8", 2150, 1715, "T", "DIP", "$1N990", "", "C", 62.99, 62.99, 43.31, 0],
		[206, "U4_8", 2150, 1715, "B", "DIP", "$1N990", "", "C", 62.99, 62.99, 43.31, 0]
	]
}
}